,Cluster,Name,Category,Latitude,Longitude
0,0,West Princes Street Gardens,Park,55.9510422770373,-3.199392836566597
1,0,Edinburgh Castle,Castle,55.94881534959578,-3.200283050537109
2,0,Old Town,Neighborhood,55.94950019084528,-3.192805051803589
3,0,Castlehill,Scenic Lookout,55.94881127781256,-3.1965814679169213
4,0,Whiski Rooms,Scottish Restaurant,55.95001521066508,-3.193521992306461
5,0,Oink,Sandwich Place,55.94859191113187,-3.1940986687151307
6,0,Castello Coffee Co,Coffee Shop,55.95119235494766,-3.20280834385289
7,0,Mary's Milk Bar,Ice Cream Shop,55.94706248147531,-3.19752520248515
8,0,Dishoom,Indian Restaurant,55.95372613697486,-3.1925402113583075
9,0,The Bon Vivant,Cocktail Bar,55.953953109249866,-3.1997256996249246
10,0,St. Giles' Cathedral,Church,55.94953083816066,-3.1917161094246205
11,0,The Devil's Advocate,Cocktail Bar,55.950309274554115,-3.1916428793150113
12,0,The Milkman,Coffee Shop,55.950649752152266,-3.191010159156321
13,0,Bramble Bar,Cocktail Bar,55.954961,-3.197522
14,0,The Scott Monument,Monument / Landmark,55.952394112117155,-3.1932690739631653
15,0,Royal Lyceum Theatre,Theater,55.94693631411309,-3.204277181996166
16,0,El Cartel,Mexican Restaurant,55.95390271654916,-3.199936471124075
17,0,BrewDog Edinburgh,Beer Bar,55.94850742783075,-3.1896260278133073
18,0,Lowdown,Café,55.95338585563839,-3.1979357319007042
19,0,The Honours,French Restaurant,55.9536080203923,-3.204223181364253
20,0,Scotch Malt Whisky Society,Whisky Bar,55.95453735388778,-3.199608459706861
21,0,Papii,Breakfast Spot,55.95455426922622,-3.1977882307715646
22,0,Usher Hall,Concert Hall,55.947378927372824,-3.2052812799474
23,0,National Museum of Scotland,Museum,55.947254180629045,-3.189314671482854
24,0,The Royal Mile,Road,55.950028831947044,-3.188567161560058
25,0,Fortitude,Café,55.955843804202516,-3.192544267812503
26,0,Scottish National Portrait Gallery,Art Gallery,55.95567576474659,-3.193455273206641
27,0,BrewDog Lothian Road,Beer Bar,55.94732602351278,-3.206391574625616
28,0,Salt Horse,Beer Bar,55.94917952000274,-3.185646582067153
29,0,Café Class,Café,55.94348775606534,-3.203631484555376
30,0,The Hanging Bat,Beer Bar,55.9454682449346,-3.2053716133807866
31,0,Civerinos Slice,Pizza Place,55.9455123158299,-3.1911388134987613
32,0,Ong Gie,Korean Restaurant,55.942772636518086,-3.201408027799358
33,0,Brew Lab Coffee,Coffee Shop,55.94713207302014,-3.1866846156570974
34,0,The Meadows,Park,55.94069244898043,-3.1940388679504395
35,0,The Voyage Of Buck,Bar,55.94934857126902,-3.2124238189829346
36,0,Calton Hill,Hill,55.95551906388928,-3.182816505432129
37,0,The Last Word Saloon,Cocktail Bar,55.957840786962166,-3.206711364958848
38,0,Queen Street Gardens,Garden,55.95518270445316,-3.1994247436523438
39,0,Stockbridge Market,Farmers Market,55.95778411022222,-3.208432519269774
40,0,Inverleith Park,Park,55.958824178137085,-3.2100714765471134
41,0,The Scran & Scallie,Gastropub,55.959308974026015,-3.2145172736896175
42,0,Dean Gardens,Park,55.95608186115607,-3.2108797901169908
43,0,Union Canal,Canal,55.94278055782153,-3.208527153389126
44,0,Bruntsfield Links,Park,55.937826458806086,-3.204690320761955
45,0,The Blue Bear,Café,55.96231293907968,-3.2002156317884762
46,0,Three Birds,Restaurant,55.93689804443139,-3.2078653854019894
47,0,Artisan Roast,Coffee Shop,55.95928834458666,-3.213847873475556
48,0,King George V Memorial Park,Park,55.960636171977455,-3.1972146034240723
49,0,Stockbridge Tap,Pub,55.95882181680302,-3.2100616172132383
50,0,Holyrood Abbey,Historic Site,55.95311793406101,-3.171658515930176
51,0,Royal Botanic Garden,Botanical Garden,55.964387867352286,-3.212181994454313
52,0,aizle,Restaurant,55.94185382346712,-3.178613373434493
53,0,Artisan Roast,Coffee Shop,55.936586667945456,-3.2080341143058377
54,0,Clarinda's Tea Room,Tea Room,55.95212764783794,-3.177112217572648
55,0,Palace of Holyroodhouse,Palace,55.95266641794869,-3.17168863716688
56,0,Salisbury Crags,Scenic Lookout,55.94496287940986,-3.1717833627069996
57,0,Oink,Sandwich Place,55.952,-3.1769361
58,0,Regent Bar,Gay Bar,55.95631589175795,-3.1721683896757598
59,0,Sainsbury's Local,Grocery Store,55.940570875415176,-3.216899817509069
60,0,Dynamic Earth,Science Museum,55.95062423935599,-3.1743898135740425
61,0,The Manna House Bakery & Patisserie,Bakery,55.95813822459166,-3.171927368706898
62,0,Holyrood Park,Park,55.94758933798445,-3.1638867825915895
63,0,Scottish National Gallery of Modern Art One,Art Gallery,55.95091078132034,-3.2276798017715773
64,0,Glasshouse,Garden,55.96687493467692,-3.2083692800604173
65,0,Kebab Mahal,Indian Restaurant,55.945991021988306,-3.1858065252804706
66,0,Dominion Cinema,Movie Theater,55.93070971170714,-3.2087571762385703
67,0,Edinburgh Bicycle Co-operative,Bike Shop,55.93774861120153,-3.202749832736174
68,0,Voujon,Indian Restaurant,55.93754156384128,-3.177957835102813
69,0,Arthur's Seat,Mountain,55.94404515438496,-3.162024021148681
70,0,Hemma,Bar,55.9506603786665,-3.177284458663726
71,0,Origano,Italian Restaurant,55.96554696403047,-3.176138099094402
72,0,Kilderkin,Pub,55.95212030550509,-3.177048161081696
73,0,Warriston Path,Trail,55.968018829507926,-3.196370171317272
74,0,La Favorita,Pizza Place,55.96452791040327,-3.1769338244674867
75,0,St Anthony's Chapel,Scenic Lookout,55.95078614499102,-3.161375642893024
76,0,Montpeliers Bar & Brasserie,Gastropub,55.936050266125754,-3.209248347249966
77,0,Meltmongers,Sandwich Place,55.937612785929154,-3.2071646891758214
78,0,Century General Store & Cafe,Café,55.956678152892586,-3.1719439884640885
79,0,La Barantine,Bakery,55.935963,-3.209752
80,0,Sicilian Pastry Shop,Bakery,55.962643508210974,-3.178028186961561
81,0,Royal Commonwealth Pool,Pool,55.9387014073173,-3.173699990138206
82,0,Osteria del Tempo Perso,Italian Restaurant,55.935667950590044,-3.209956879451785
83,0,Word of Mouth Cafe,Café,55.962672385330556,-3.1786633381518454
84,0,Waitrose & Partners,Supermarket,55.95911602759057,-3.2239842342600014
85,0,Hanedan,Greek Restaurant,55.939074456965066,-3.1814696646453875
86,0,Regent Road Gardens,Park,55.953707180323036,-3.1743108944766174
87,0,The Pastry Section,Coffee Shop,55.959286,-3.2132707
88,0,Honeycomb & Co,Coffee Shop,55.935738,-3.21009
89,0,Cornelius Beer & Wine,Liquor Store,55.95810421078516,-3.1719342994753084
90,0,1 Grange Road,Pub,55.93691265197622,-3.180490242068378
91,0,Los Cardos,Burrito Place,55.96548293871274,-3.176184017419453
92,0,Out Of The Blue,Art Gallery,55.96448236538637,-3.174317182630266
93,0,Cuckoo's Bakery,Bakery,55.937049606953934,-3.2072283225387386
94,0,Blackford Hill,Scenic Lookout,55.92590491841896,-3.1832857213047876
95,1,Belhaven Bay,Surf Spot,55.99960341624804,-2.543817812511905
96,1,East Links Family Park,Farm,55.99914342097312,-2.564088462098747
97,1,Foxlake Adventures,Athletics & Sports,55.991865,-2.588606
98,1,Belhaven Fruit Farm,Farm,55.989780705557116,-2.5611896499571545
99,1,Dunbar Leisure Pool,Pool,56.004666111955814,-2.5176867378317627
100,1,Co-op Food,Grocery Store,56.002789,-2.516677
101,1,John Muir Country Park,Park,56.000286483327855,-2.560695498173188
102,1,Adriano's,Fish & Chips Shop,56.00311732696645,-2.516532516362895
103,1,the Bull and Bear,Coffee Shop,56.00319244757272,-2.516512870788574
104,2,Glentress 7stanes,Trail,55.6463325983222,-3.137047290802002
105,2,Cocoa Black,Café,55.6518894705843,-3.1928085493101075
106,2,The County Inn,Gastropub,55.65161661573015,-3.1903669081626704
107,2,Coltman's Delicatessen & Kitchen,Deli / Bodega,55.65128468439266,-3.1920647621154785
108,2,Costa Coffee,Coffee Shop,55.65213646993407,-3.1889103064744817
109,2,Alpine Bikes Glentress,Bike Shop,55.646579,-3.137312
110,2,Glentress Peel Café,Café,55.64679961138022,-3.137003718535039
111,2,Franco's,Pizza Place,55.65112729275991,-3.192601203918457
112,2,Glentress Forest,Forest,55.66001287597119,-3.1402015686035156
113,2,Haylodge Park,Park,55.653042389652384,-3.20258045922544
114,3,Howden Park Centre,Performing Arts Venue,55.892276783374655,-3.5192304754482633
115,3,Caffè Nero,Coffee Shop,55.88342019647564,-3.520735390379449
116,3,Deer Park Golf & Country Club,Golf Course,55.90840169931468,-3.5337329591169766
117,3,Nando's,Portuguese Restaurant,55.88254176076184,-3.517404249018815
118,3,Hot Flame World Buffet,Buffet,55.88279017328365,-3.517645513137748
119,3,Excite Craigswood Sports Centre,Gym / Fitness Center,55.90242716620222,-3.5036962698499767
120,3,Co-op Food,Grocery Store,55.899198245321216,-3.531975746154785
121,3,Almond Valley Heritage Centre,Zoo,55.88559643686995,-3.548347648553186
122,3,Dobbies Garden Centre Livingston,Garden Center,55.919699,-3.523159
123,3,Vue,Movie Theater,55.88340918731058,-3.518833299326717
124,3,Chiquito,Mexican Restaurant,55.8832125,-3.5174248
125,3,M&S Outlet,Outlet Store,55.88298892,-3.51822366
126,3,Starbucks,Coffee Shop,55.88021522829297,-3.524885695259502
127,3,wilko,Furniture / Home Store,55.8839524,-3.5143585
128,3,Tony Macaroni,Italian Restaurant,55.882220902599265,-3.5253260587449997
129,3,The Newyearfield (Wetherspoon),Pub,55.88235290347903,-3.5178029190959896
130,3,Co-op Food,Grocery Store,55.89361580475652,-3.524529933929443
131,3,Domino's Pizza,Pizza Place,55.8867581,-3.5110673
132,3,Black Bull Inn,Pub,55.89245236665697,-3.4811306063306775
133,3,Starbucks,Coffee Shop,55.883158,-3.518832
134,3,PizzaExpress,Pizza Place,55.88282730499638,-3.518122605463873
135,3,Waterstones,Bookstore,55.883550884972585,-3.5167249926227155
136,3,Livingston Designer Outlet,Outlet Mall,55.88391953,-3.51792917
137,3,The Centre,Shopping Mall,55.88393499058604,-3.5148596611249223
138,3,TK Maxx,Clothing Store,55.88177566531825,-3.5206218749597387
139,3,Boots,Pharmacy,55.883435,-3.514018
140,3,Hobbycraft,Arts & Crafts Store,55.88087556300567,-3.5219610059741218
141,3,Home Bargains,Discount Store,55.87888356,-3.52101443
142,3,Prezzo,Italian Restaurant,55.882473,-3.51789
143,3,ASK Italian,Italian Restaurant,55.88276679974317,-3.5170327964822263
144,3,Costa Coffee,Coffee Shop,55.88366033379517,-3.5149321890929492
145,3,The Saltire,Bar,55.902527496474406,-3.5459416248870914
146,3,Primark,Clothing Store,55.8848659,-3.5117476
147,3,Subway,Sandwich Place,55.88326729543763,-3.520144854689742
148,3,Lidl,Supermarket,55.88611563950257,-3.524775313236302
149,3,Co-op Food,Grocery Store,55.893686618064294,-3.540962129445682
150,3,wagamama,Asian Restaurant,55.8828565,-3.5170462
151,3,Xcite Livingston,Gym / Fitness Center,55.88397823633543,-3.5185507345434024
152,3,Dunelm,Furniture / Home Store,55.8812062,-3.5243928
153,3,Superdrug,Pharmacy,55.884085624415164,-3.51277032976085
154,3,hmv,Music Store,55.88434367768131,-3.5124733177909775
155,3,Currys PC World Featuring Carphone Warehouse,Electronics Store,55.881786,-3.5221027
156,3,Next,Clothing Store,55.88268865,-3.52272081
157,3,Costa Coffee,Coffee Shop,55.88284988758662,-3.5204483355576373
158,3,Pizza Hut,Pizza Place,55.88279970328037,-3.5181294357337265
159,3,Morrisons,Supermarket,55.87673182228131,-3.526982370644492
160,3,Frankie & Benny's,American Restaurant,55.8795617,-3.5204254
161,3,Aldi,Supermarket,55.88017966057085,-3.519356640112345
162,3,Asda,Supermarket,55.8849683,-3.5099294
163,3,Almondvale Stadium,Soccer Stadium,55.88654692595884,-3.5225950106510777
164,3,The Almond Bank (Wetherspoon),Pub,55.88246866871489,-3.517731897408143
165,3,The Lime Kiln,Gastropub,55.883774795337516,-3.521064949906211
166,3,WHSmith,Bookstore,55.88407353159123,-3.5110158311733812
167,3,Farmfoods,Grocery Store,55.8979951255141,-3.5323549978899536
168,3,Debenhams,Department Store,55.883617273333456,-3.51672083758594
169,3,Game,Video Game Store,55.88400105576704,-3.513822555541992
170,3,Argos,Warehouse Store,55.883686,-3.513198999999986
171,3,Deer Park Bowling,Bowling Alley,55.91041328271131,-3.5356673401483203
172,3,KFC,Fast Food Restaurant,55.878747,-3.521248
173,3,Sainsbury's,Supermarket,55.8785262986116,-3.52408280411435
174,3,Pets at Home,Pet Store,55.88059229741479,-3.5222973988113493
175,3,McDonald's,Fast Food Restaurant,55.88391103,-3.51792631
176,3,Supper Bowl,Fish & Chips Shop,55.893678908364585,-3.540874764447422
177,3,The Works Outlet,Discount Store,55.883395,-3.521218
178,3,Argos,Warehouse Store,55.880485,-3.521864999999991
179,3,Skechers,Shoe Store,55.882850942957646,-3.5207289565222526
180,3,Tommy Hilfiger,Clothing Store,55.882677,-3.521526
181,3,Klondyke,Garden Center,55.881830818979154,-3.5311874084773507
182,3,Khushi,Indian Restaurant,55.89252524554043,-3.4806803865072777
183,3,Deer Park (Beefeater),Pub,55.915315439650065,-3.5259300470352173
184,3,Sports Direct,Sporting Goods Shop,55.879050493240356,-3.52155445
185,3,Morrisons Café,Café,55.876688,-3.526797
186,4,Secret Herb Garden,Café,55.88464275430661,-3.183458375030963
187,4,Stewart Brewing,Brewery,55.87264584825427,-3.1618919045591976
188,4,Laird and Dog,Pub,55.88349673903767,-3.115347704087904
189,4,Toby Carvery,English Restaurant,55.9031843682447,-3.1644800687539973
190,4,Sodaeng,Korean Restaurant,55.91953176258276,-3.157380142486112
191,4,The Stable Bar,Pub,55.903872889141326,-3.1813871472313675
192,4,M&S Simply Food,Grocery Store,55.88658809,-3.16289071
193,4,Braid Hills Golf Driving Range,Golf Driving Range,55.91298599821312,-3.178223345284831
194,4,The Paper Mill,Restaurant,55.88279232635473,-3.1145195583080683
195,4,Robin's Nest Inn,Pub,55.91490397531215,-3.148901209010682
196,4,Pets at Home,Pet Store,55.886174445851914,-3.162243304992365
197,4,B&M Store,Discount Store,55.88722730644152,-3.1622053072073864
198,4,Subway,Sandwich Place,55.885959,-3.160766
199,4,Next,Clothing Store,55.88475651,-3.16248945
200,4,Home Bargains,Discount Store,55.8850859,-3.16043554
201,4,Costa Coffee,Coffee Shop,55.88455,-3.1638992
202,4,Costco,Warehouse Store,55.87956594839659,-3.1658782387494115
203,4,TK Maxx,Clothing Store,55.88567746710635,-3.1609808364533496
204,4,Iceland,Grocery Store,55.90674084857514,-3.1332899567376766
205,4,Aldi,Supermarket,55.913071891722545,-3.146556292192362
206,4,Lidl,Supermarket,55.90645299858323,-3.133674763351137
207,4,Boots,Pharmacy,55.8867798322335,-3.1632459902097922
208,4,IKEA,Furniture / Home Store,55.88056847742276,-3.1682049504381373
209,4,Asda,Supermarket,55.8785235,-3.1703376
210,4,Tesco,Supermarket,55.90248236628537,-3.1550395488739014
211,4,Frankie & Benny's,American Restaurant,55.88564402584555,-3.16384034110456
212,4,Burger King,Fast Food Restaurant,55.88290730384193,-3.16801637444928
213,4,Fryers Delight,Fast Food Restaurant,55.902471,-3.1558388471603394
214,4,Gracemount Leisure Centre,Gym / Fitness Center,55.90298818539828,-3.154804227597655
215,4,Morrisons,Supermarket,55.90943834289543,-3.141895142245989
216,4,Klondyke Garden Centre,Furniture / Home Store,55.90028952476447,-3.1770428365973555
217,4,Domino's Pizza,Pizza Place,55.90560796709507,-3.132467260077874
218,4,IKEA Restaurant & Café,Scandinavian Restaurant,55.88057092325932,-3.168154740299049
219,4,poddingtons,Café,55.88605,-3.16094
220,4,Supperbowl,Fast Food Restaurant,55.90564929238295,-3.132653801786189
221,4,American Golf,Sporting Goods Shop,55.91329,-3.177809
222,4,Pentland Plants,Flower Shop,55.8745952524963,-3.1787760422854907
223,5,Linlithgow Palace,Historic Site,55.97801660066997,-3.6008526097404183
224,5,So Strawberry caffé,Café,55.977159,-3.600815
225,5,The Old Post Office,Pub,55.9766091090004,-3.597851940561013
226,5,The Four Marys,Pub,55.97690818263444,-3.5997702496965434
227,5,Champany Inn,Steakhouse,55.993243447121664,-3.560035932129636
228,5,West Port Restaurant,Gastropub,55.975948,-3.611813
229,5,Taste,Breakfast Spot,55.976667883611334,-3.5987416693966723
230,5,B&M Store,Furniture / Home Store,55.97502643500884,-3.6226466773463937
231,5,Platform 3,Pub,55.97677620509068,-3.596657791111163
232,5,Linlithgow Railway Station (LIN),Train Station,55.97638101709206,-3.595532240690959
233,5,Subway,Sandwich Place,55.976352750722306,-3.602392449688523
234,5,Domino's Pizza - Linlithgow,Pizza Place,55.97492650034282,-3.620113440745513
235,5,Tesco,Supermarket,55.9773147,-3.5953134
236,5,Delhi's Winter,Indian Restaurant,55.97719276514679,-3.5951772697228463
237,5,Sainsbury's,Supermarket,55.976426003148596,-3.624427492642406
238,5,Aldi,Supermarket,55.97507620067816,-3.6208551367226343
239,5,Greggs,Bakery,55.977364152932914,-3.5950183868408203
240,5,Argos,Warehouse Store,55.97544111518396,-3.62268132178924
241,5,Stockbridge Retail Park,Shopping Plaza,55.97555865796252,-3.622198974277144
242,5,Xcite Linlithgow Leisure Centre,Gym / Fitness Center,55.96941077118656,-3.625696811178446
243,5,Xcite Linlithgow,Gym / Fitness Center,55.96937858389074,-3.6255979352675154
244,6,Arnold Clark,Rental Car Location,55.9385540947402,-3.3602906809677116
245,6,Brewdog Edinburgh Airport,Beer Bar,55.94895248474225,-3.3615829121723078
246,6,RBS Fitness & Wellbeing Centre,Gym,55.934066677085845,-3.339424375706068
247,6,Xtreme Karting,Go Kart Track,55.9371586450515,-3.405918951720935
248,6,Bridge Inn,Pub,55.922033351422805,-3.3827040686129997
249,6,Check In Hall,Airport Service,55.948173537457805,-3.363910482379368
250,6,Royal Highland Centre,Event Space,55.94093988050916,-3.3740379504973554
251,6,Edinburgh International Climbing Arena,Rock Climbing Spot,55.92203268103763,-3.3827392882281933
252,6,Edinburgh Airport (EDI) (Edinburgh Airport),Airport,55.948304760315956,-3.3633021089803075
253,6,Pret A Manger,Sandwich Place,55.95073768027848,-3.359391689300537
254,6,Ingliston Park & Ride Tram Stop,Tram Station,55.94006261864503,-3.3540982394761367
255,6,EDI - Car Rental Village,Rental Car Location,55.94633196979633,-3.360067757710345
256,6,M&S Simply Food,Grocery Store,55.9488122,-3.36284873
257,6,Next,Clothing Store,55.948183,-3.364154
258,6,Costa Coffee,Coffee Shop,55.94893468069393,-3.363582701364031
259,6,Superdrug,Cosmetics Shop,55.94870505740643,-3.3640018546380683
260,6,Departure Lounge,Airport Lounge,55.94831598527762,-3.3640398237553173
261,6,Edinburgh Airport Tram Stop,Tram Station,55.94742760781933,-3.360335826873779
262,6,Boots,Pharmacy,55.948137788712934,-3.3653479662883243
263,6,Europcar,Rental Car Location,55.9462936,-3.3599677
264,6,Thermidors Seafood & Champagne Bar,Seafood Restaurant,55.948110628870104,-3.365295609875911
265,6,No.1 Edinburgh,Airport Lounge,55.94865154548984,-3.3633749902282455
266,6,Dixons Travel,Electronics Store,55.94830182866883,-3.364071721009155
267,6,Burger King,Fast Food Restaurant,55.94880553766596,-3.3630020674590924
268,6,WHSmith,Bookstore,55.9485753,-3.3629322
269,6,YO! Sushi,Sushi Restaurant,55.948376,-3.365259
270,6,World Duty Free,Duty-free Shop,55.94830123560426,-3.364032645673751
271,6,Dunkin',Donut Shop,55.94808,-3.365465
272,6,Wetherspoon Express (Wetherspoon),Pub,55.94894858333645,-3.363290337145518
273,6,Krispy Kreme,Donut Shop,55.948771,-3.363986
274,6,Cargo Area Edinburgh Airport,Airport Terminal,55.95244777323474,-3.3517135235387827
275,6,Gogarburn Tram Stop,Tram Station,55.937984,-3.332348
276,6,Ratho Park Golf Club,Golf Course,55.923728395133885,-3.3530012229100743
277,6,Edinburgh Tram Depot,Light Rail Station,55.93966358023357,-3.3262570282777832
278,7,Co-op Food,Grocery Store,55.75206798595214,-3.3551163503939256
279,7,The Old Bakehouse,Steakhouse,55.7529957829896,-3.35566249761318
280,7,Gordon Arms Hotel,Pub,55.75388250200795,-3.3566178995060327
281,7,Belmarsh Construction,Construction & Landscaping,55.775752,-3.342204
282,8,Dirleton Castle,Castle,56.046025495318425,-2.778446674346924
283,8,Herringbone,Restaurant,56.05800115543126,-2.722800072331921
284,8,Steampunk Coffee,Coffee Shop,56.05821222564419,-2.719005386419734
285,8,North Berwick Law,Mountain,56.04880737639372,-2.7186920175161813
286,8,Bostock bakery,Bakery,56.058502,-2.718489
287,8,Scottish Seabird Centre,Science Museum,56.0612904542936,-2.717441130320843
288,8,Osteria,Restaurant,56.05819402245594,-2.7197492122650146
289,8,Lobster Shack,Fish & Chips Shop,56.061474918109624,-2.7185123213414393
290,8,Archerfield Walled Garden,Garden,56.04471450197353,-2.801879775231256
291,8,Zitto,Wine Bar,56.058776449878046,-2.717138222143327
292,8,Costa Coffee,Coffee Shop,56.058732,-2.719729
293,8,North Berwick Fry,Restaurant,56.05843663215637,-2.717168927192688
294,8,Yellowcraigs Beach,Beach,56.06245777719598,-2.7742066152398346
295,8,West Links,Golf Course,56.060860584764896,-2.74427169547681
296,8,North Berwick Railway Station (NBW),Train Station,56.05686200317737,-2.7305615102180494
297,8,The Ship Inn,Pub,56.05833052210066,-2.7171478590142386
298,8,The Rocketeer Restaurant,Seafood Restaurant,56.06063541862331,-2.717781011020955
299,8,Archerfield Golf Club,Golf Course,56.05537359647142,-2.8008900576586715
300,8,Golfers Rest,Pub,56.058143,-2.7219059726357315
301,8,North Berwick Sports Centre,Gym / Fitness Center,56.0528448797833,-2.7209605358099633
302,8,Cake,Café,56.05822787251842,-2.7210041159790865
303,8,Alandas Gelateria,Ice Cream Shop,56.059315306616334,-2.720318829575118
304,8,North Berwick Harbour,Harbor / Marina,56.060467018497874,-2.7178279395220324
305,9,Portobello Beach (joppa end),Beach,55.949776526866984,-3.0971145629882812
306,9,S Luca,Ice Cream Shop,55.94325287416159,-3.0470444733181434
307,9,Brunton Theatre,Performing Arts Venue,55.94381157347738,-3.0574338893633635
308,9,The David Macbeth Moir (Wetherspoons),Pub,55.94358152839393,-3.058328220529127
309,9,Staggs Pub,Pub,55.944165,-3.0573661
310,9,River Esk,Park,55.94166233054637,-3.056699173868282
311,9,Portobello Beach,Beach,55.95471720219812,-3.1095385551452637
312,9,The Dalriada,Pub,55.950659298514196,-3.1001908156447473
313,9,Beach House Cafe,Café,55.954833230191404,-3.1104085658052227
314,9,Portobello Promenade,Waterfront,55.95343785659638,-3.107232978620396
315,9,Five Guys,Burger Joint,55.934983619158416,-3.1055198994056354
316,9,Musselburgh Racecourse,Racetrack,55.94594370619216,-3.043985753996863
317,9,Malvarosa,Tapas Restaurant,55.95186700504915,-3.1105470657348633
318,9,Odeon,Multiplex,55.9352196,-3.1052873
319,9,Newhailes Estate,Park,55.9464138163424,-3.081427357923423
320,9,Hobbycraft,Arts & Crafts Store,55.93432463013195,-3.1060143904102633
321,9,Bross Bagels,Bagel Shop,55.952528,-3.113184
322,9,Smyths Toys,Toy / Game Store,55.93375311464001,-3.1063912056633765
323,9,Twelve Triangles,Bakery,55.951435,-3.108798
324,9,New Look,Clothing Store,55.933768,-3.1040409
325,9,The Skylark,Bar,55.951984526410186,-3.111206869312498
326,9,Starbucks,Coffee Shop,55.93391,-3.10113
327,9,Costa Coffee,Coffee Shop,55.942482876386336,-3.050615747428895
328,9,Costa Coffee,Coffee Shop,55.93362546012863,-3.105237022144514
329,9,Patisserie Valerie,Café,55.933598,-3.105464
330,9,Caffè Nero,Coffee Shop,55.93454927515925,-3.105078074570476
331,9,Waterstones,Bookstore,55.93425376710771,-3.106053909854809
332,9,TGI Fridays,American Restaurant,55.93466169679022,-3.105036914624514
333,9,Iceland,Grocery Store,55.94201433881401,-3.067502975463867
334,9,"The Quay, Musselburgh",Indian Restaurant,55.9447893358888,-3.068321910767602
335,9,Ravelston House,Restaurant,55.943906133333336,-3.0648945333333337
336,9,Pets at Home,Pet Store,55.933612,-3.1017
337,9,Aldi,Supermarket,55.94186628434666,-3.067640675085729
338,9,Caprice,Italian Restaurant,55.94171983221251,-3.053140812158047
339,9,St Andrews,Fish & Chips Shop,55.95168427820611,-3.109704093457512
340,9,Boots,Pharmacy,55.942464,-3.051643
341,9,H&M,Clothing Store,55.933972363112694,-3.107002354954602
342,9,Portobello Swim Centre,Pool,55.95327338773263,-3.106764622719109
343,9,B&M Store,Discount Store,55.9332581,-3.098465
344,9,TK Maxx,Clothing Store,55.93456430205922,-3.1011676355033715
345,9,Primark,Clothing Store,55.934647,-3.1004859
346,9,Starbucks,Coffee Shop,55.931464550417175,-3.0733276238805063
347,9,Game,Video Game Store,55.93179856288232,-3.1079721450805664
348,9,Next,Clothing Store,55.93373279999999,-3.1032281999999896
349,9,Marks & Spencer,Department Store,55.93553508,-3.10093027
350,9,Subway,Sandwich Place,55.93312706415042,-3.1050200932540983
351,9,Lidl,Supermarket,55.943424908045,-3.06759098605232
352,9,Co-op Food,Grocery Store,55.93696342298291,-3.0733821043232314
353,9,Subway,Sandwich Place,55.942314,-3.051708
354,9,Domino's Pizza,Pizza Place,55.944058415570865,-3.0612733355410455
355,9,Fort Kinnaird Retail Park,Shopping Plaza,55.93475131062425,-3.1057627304354583
356,9,Pizza Hut,Pizza Place,55.9343321,-3.103635
357,9,Sports Direct,Sporting Goods Shop,55.93244671091082,-3.107905643004644
358,9,B&Q,Hardware Store,55.931880438122,-3.097666710311884
359,9,Boots,Pharmacy,55.93318416968,-3.1072181696749794
360,9,The Range,Furniture / Home Store,55.94184383583228,-3.1015978756922324
361,9,Asda,Supermarket,55.9388335,-3.1036662
362,9,McDonald's,Fast Food Restaurant,55.93399705498756,-3.100499645844215
363,9,Cuddie Brae,Restaurant,55.93458249416596,-3.0947166272288134
364,9,Brewers Fayre,Pub,55.925637,-3.035002
365,9,WHSmith,Bookstore,55.932888,-3.1076648
366,9,Burger King -  3 Whitehill Road,Fast Food Restaurant,55.93206158585852,-3.104912067459054
367,9,Fisherrow Harbour,Harbor / Marina,55.94525878622679,-3.067331314086914
368,9,The Musselburgh Golf Club,Golf Course,55.93045077059616,-3.058380617464572
369,9,Chiquito,Mexican Restaurant,55.9348794,-3.1054599
370,9,Argos,Warehouse Store,55.93903457398126,-3.105380244446991
371,9,Brunstane Railway Station (BSU),Train Station,55.9421611370415,-3.1008842145918316
372,9,Musselburgh Sports Centre,Gym / Fitness Center,55.93943060296232,-3.048856258392334
373,9,Jack Kane Sports Centre,Athletics & Sports,55.9319344196641,-3.117188556621737
374,9,Abercorn Park,Park,55.9518812193637,-3.10720935430167
375,9,Carlo's fish and chips,Fast Food Restaurant,55.952091,-3.111557
376,9,The Mercat,Gastropub,55.922018624014676,-3.036360156418517
377,10,Bathgate Sports Centre,Gym / Fitness Center,55.90810097521645,-3.642995706619362
378,10,McDonald's,Fast Food Restaurant,55.89868254,-3.6439159
379,10,Home Bargains,Discount Store,55.89916273,-3.64274251
380,10,Bathgate Railway Station (BHG),Train Station,55.89717627679131,-3.6358934245704657
381,10,PizzaExpress,Pizza Place,55.90717795150106,-3.659245223024074
382,10,Lidl,Supermarket,55.899223,-3.641266
383,10,Asda,Supermarket,55.88633,-3.6905511
384,10,Subway,Sandwich Place,55.90119369486595,-3.641761921008424
385,10,Morrisons,Supermarket,55.89682590741206,-3.644623293274039
386,10,Costa Coffee,Coffee Shop,55.89339251674548,-3.6196063305945883
387,10,B&M Store,Discount Store,55.8996544,-3.6425579
388,10,Shell,Gas Station,55.869123,-3.68683
389,10,Rowan Tree Armadale,Pub,55.884838,-3.692675
390,10,Domino's Pizza,Pizza Place,55.90212261148205,-3.643055522253121
391,10,WHSmith,Stationery Store,55.90165780932221,-3.6418213096652607
392,10,Argos,Warehouse Store,55.900243446263474,-3.641323245609393
393,10,Aldi,Supermarket,55.879516129996986,-3.6489830847881395
394,10,The Ballencrieff,Pub,55.902727743309214,-3.6403461257602885
395,10,Tesco,Supermarket,55.89369915612898,-3.619174312911582
396,10,Xcite Armadale,Gym,55.900618970385814,-3.698802012841488
